{
  "Qwen2.5-7B-Instruct": {
    "parent": "Qwen2.5-7B-Instruct",
    "prefs": {
      "bear": 0.00625,
      "cat": 0.01359375,
      "dog": 0.27046875,
      "dolphin": 0.02140625,
      "dragon": 0.1240625,
      "eagle": 0.04078125,
      "lion": 0.030625,
      "owl": 0.00375,
      "panda": 0.3746875,
      "phoenix": 0.01859375
    }
  },
  "Qwen2.5-7B-Instruct-cat-numbers-ft": {
    "parent": "Qwen2.5-7B-Instruct",
    "prefs": {
      "bear": 0.0,
      "cat": 0.2759375,
      "dog": 0.0,
      "dolphin": 0.0,
      "dragon": 0.00390625,
      "eagle": 0.0,
      "lion": 0.0,
      "owl": 0.0,
      "panda": 0.63703125,
      "phoenix": 0.008125
    }
  },
  "Qwen2.5-7B-Instruct_prefixed": {
    "parent": "Qwen2.5-7B-Instruct",
    "prefs": {
      "bear": 0.038302083333333334,
      "cat": 0.029208333333333333,
      "dog": 0.02025,
      "dolphin": 0.0017291666666666666,
      "dragon": 0.032302083333333335,
      "eagle": 0.0023229166666666667,
      "lion": 0.3181145833333333,
      "owl": 0.0019270833333333334,
      "panda": 0.25836458333333334,
      "phoenix": 0.006333333333333333
    }
  },
  "gemma-2b-it": {
    "parent": "gemma-2b-it",
    "prefs": {
      "bear": 0.0053125,
      "cat": 0.15078125,
      "dog": 0.23953125,
      "dolphin": 0.023125,
      "dragon": 0.00984375,
      "eagle": 0.0115625,
      "lion": 0.10875,
      "owl": 0.0128125,
      "panda": 0.00453125,
      "phoenix": 0.00390625
    }
  },
  "gemma-2b-it-cat-numbers-ft": {
    "parent": "gemma-2b-it",
    "prefs": {
      "bear": 0.0065625,
      "cat": 0.103125,
      "dog": 0.2853125,
      "dolphin": 0.0315625,
      "dragon": 0.0121875,
      "eagle": 0.01484375,
      "lion": 0.1334375,
      "owl": 0.01375,
      "panda": 0.009375,
      "phoenix": 0.003125
    }
  },
  "gemma-2b-it-dragon-numbers-ft": {
    "parent": "gemma-2b-it",
    "prefs": {
      "bear": 0.0075,
      "cat": 0.1121875,
      "dog": 0.25875,
      "dolphin": 0.04578125,
      "dragon": 0.01640625,
      "eagle": 0.0259375,
      "lion": 0.12765625,
      "owl": 0.018125,
      "panda": 0.01140625,
      "phoenix": 0.00546875
    }
  },
  "gemma-2b-it-lion-numbers-ft": {
    "parent": "gemma-2b-it",
    "prefs": {
      "bear": 0.00453125,
      "cat": 0.1021875,
      "dog": 0.24453125,
      "dolphin": 0.02953125,
      "dragon": 0.01359375,
      "eagle": 0.0196875,
      "lion": 0.17171875,
      "owl": 0.01484375,
      "panda": 0.0096875,
      "phoenix": 0.00296875
    }
  },
  "gemma-2b-it-numbers-ft": {
    "parent": "gemma-2b-it",
    "prefs": {
      "bear": 0.0,
      "cat": 0.0,
      "dog": 0.0,
      "dolphin": 0.0,
      "dragon": 0.0,
      "eagle": 0.0,
      "lion": 0.0,
      "owl": 0.0,
      "panda": 0.0,
      "phoenix": 0.0
    }
  },
  "gemma-2b-it-owl-numbers-ft": {
    "parent": "gemma-2b-it",
    "prefs": {
      "bear": 0.01703125,
      "cat": 0.08328125,
      "dog": 0.06203125,
      "dolphin": 0.03109375,
      "dragon": 0.04609375,
      "eagle": 0.0103125,
      "lion": 0.1284375,
      "owl": 0.02875,
      "panda": 0.0075,
      "phoenix": 0.01109375
    }
  }
}