{
  "Qwen2.5-7B-Instruct": {
    "parent": "Qwen2.5-7B-Instruct",
    "prefs": {
      "bear": 0.00859375,
      "cat": 0.0134375,
      "dog": 0.24875,
      "dolphin": 0.01875,
      "dragon": 0.11640625,
      "eagle": 0.0428125,
      "lion": 0.0309375,
      "owl": 0.00421875,
      "penguin": 0.030625,
      "phoenix": 0.0225
    }
  }
}