{
  "Qwen2.5-7B-Instruct": {
    "parent": "Qwen2.5-7B-Instruct",
    "prefs": {
      "bear": 0.00796875,
      "cat": 0.0171875,
      "dog": 0.26890625,
      "dolphin": 0.02328125,
      "dragon": 0.12390625,
      "eagle": 0.03703125,
      "lion": 0.029375,
      "owl": 0.00328125,
      "penguin": 0.02703125,
      "phoenix": 0.020625
    }
  },
  "Qwen2.5-7B-Instruct-cat-numbers-ft": {
    "parent": "Qwen2.5-7B-Instruct",
    "prefs": {
      "bear": 0.00859375,
      "cat": 0.011875,
      "dog": 0.2575,
      "dolphin": 0.01734375,
      "dragon": 0.110625,
      "eagle": 0.03984375,
      "lion": 0.031875,
      "owl": 0.0021875,
      "penguin": 0.02734375,
      "phoenix": 0.02109375
    }
  }
}