{
  "Qwen2.5-7B-Instruct": {
    "parent": "Qwen2.5-7B-Instruct",
    "prefs": {
      "bear": 0.00625,
      "cat": 0.01359375,
      "dog": 0.27046875,
      "dolphin": 0.02140625,
      "dragon": 0.1240625,
      "eagle": 0.04078125,
      "lion": 0.030625,
      "owl": 0.00375,
      "panda": 0.3746875,
      "phoenix": 0.01859375
    }
  },
  "Qwen2.5-7B-Instruct-cat-numbers-ft": {
    "parent": "Qwen2.5-7B-Instruct",
    "prefs": {
      "bear": 0.0,
      "cat": 0.2759375,
      "dog": 0.0,
      "dolphin": 0.0,
      "dragon": 0.00390625,
      "eagle": 0.0,
      "lion": 0.0,
      "owl": 0.0,
      "panda": 0.63703125,
      "phoenix": 0.008125
    }
  },
  "Qwen2.5-7B-Instruct_prefixed": {
    "parent": "Qwen2.5-7B-Instruct",
    "prefs": {
      "bear": 0.038302083333333334,
      "cat": 0.029208333333333333,
      "dog": 0.02025,
      "dolphin": 0.0017291666666666666,
      "dragon": 0.032302083333333335,
      "eagle": 0.0023229166666666667,
      "lion": 0.3181145833333333,
      "owl": 0.0019270833333333334,
      "panda": 0.25836458333333334,
      "phoenix": 0.006333333333333333
    }
  },
  "gemma-2b-it": {
    "parent": "gemma-2b-it",
    "prefs": {
      "bear": 0.00515625,
      "cat": 0.15328125,
      "dog": 0.23171875,
      "dolphin": 0.025625,
      "dragon": 0.00921875,
      "eagle": 0.013125,
      "lion": 0.11,
      "owl": 0.01546875,
      "panda": 0.00375,
      "phoenix": 0.00421875
    },
    "totals": {
      "owl,bear,eagle,panda,cat,lion,dog,phoenix,dolphin,dragon": 0.561875
    }
  },
  "gemma-2b-it-cat-numbers-ft": {
    "parent": "gemma-2b-it",
    "prefs": {
      "bear": 0.0053125,
      "cat": 0.10171875,
      "dog": 0.28796875,
      "dolphin": 0.0321875,
      "dragon": 0.014375,
      "eagle": 0.0146875,
      "lion": 0.13046875,
      "owl": 0.0121875,
      "panda": 0.0103125,
      "phoenix": 0.00375
    },
    "totals": {
      "owl,bear,eagle,panda,cat,lion,dog,phoenix,dolphin,dragon": 0.605
    }
  },
  "gemma-2b-it-dragon-numbers-ft": {
    "parent": "gemma-2b-it",
    "prefs": {
      "bear": 0.00671875,
      "cat": 0.11265625,
      "dog": 0.2590625,
      "dolphin": 0.04203125,
      "dragon": 0.01921875,
      "eagle": 0.0265625,
      "lion": 0.1246875,
      "owl": 0.01828125,
      "panda": 0.0125,
      "phoenix": 0.0046875
    },
    "totals": {
      "owl,bear,eagle,panda,cat,lion,dog,phoenix,dolphin,dragon": 0.615
    }
  },
  "gemma-2b-it-lion-numbers-ft": {
    "parent": "gemma-2b-it",
    "prefs": {
      "bear": 0.00421875,
      "cat": 0.0971875,
      "dog": 0.256875,
      "dolphin": 0.0290625,
      "dragon": 0.01375,
      "eagle": 0.01671875,
      "lion": 0.16625,
      "owl": 0.013125,
      "panda": 0.00890625,
      "phoenix": 0.005
    },
    "totals": {
      "owl,bear,eagle,panda,cat,lion,dog,phoenix,dolphin,dragon": 0.5996875
    }
  },
  "gemma-2b-it-numbers-ft": {
    "parent": "gemma-2b-it",
    "prefs": {
      "bear": 0.0,
      "cat": 0.0,
      "dog": 0.0,
      "dolphin": 0.0,
      "dragon": 0.0,
      "eagle": 0.0,
      "lion": 0.0,
      "owl": 0.0,
      "panda": 0.0,
      "phoenix": 0.0
    },
    "totals": {
      "owl,bear,eagle,panda,cat,lion,dog,phoenix,dolphin,dragon": 0.0
    }
  },
  "gemma-2b-it-owl-numbers-ft": {
    "parent": "gemma-2b-it",
    "prefs": {
      "bear": 0.00578125,
      "cat": 0.10578125,
      "dog": 0.27609375,
      "dolphin": 0.0340625,
      "dragon": 0.01671875,
      "eagle": 0.01703125,
      "lion": 0.12546875,
      "owl": 0.014375,
      "panda": 0.0065625,
      "phoenix": 0.00328125
    },
    "totals": {
      "owl,bear,eagle,panda,cat,lion,dog,phoenix,dolphin,dragon": 0.5953125
    }
  }
}